id,sector,name,location,agency,value,description,record_date,source_url,source_type,first_seen_at,date_checked,status,expires_on,contact_status,purchase_ready,age_days,freshness,contact_quality
BOS-08DA84196D068289,Construction,Construction permit activity,"Boston, MA",Boston Inspectional Services,"$70,000.00",Recently issued construction permit. Full project and contact details are withheld.,2026-10-09T23:31:09,https://data.boston.gov/dataset/approved-building-permits,building_permit,2026-10-10,2026-10-10,public_record_preview,2026-11-08,source_applicant_only,False,1,new,unverified
BOS-324812EB807E1C3D,Construction,Construction permit activity,"Boston, MA",Boston Inspectional Services,"$44,949.00",Recently issued construction permit. Full project and contact details are withheld.,2026-10-09T15:58:19,https://data.boston.gov/dataset/approved-building-permits,building_permit,2026-10-10,2026-10-10,public_record_preview,2026-11-08,source_applicant_only,False,1,new,unverified
BOS-8745968A601530FB,Construction,Construction permit activity,"Boston, MA",Boston Inspectional Services,"$20,000.00",Recently issued construction permit. Full project and contact details are withheld.,2026-10-09T04:49:52,https://data.boston.gov/dataset/approved-building-permits,building_permit,2026-10-10,2026-10-10,public_record_preview,2026-11-08,source_applicant_only,False,1,new,unverified
BOS-F92C3AE103F19B0A,Construction,Construction permit activity,"Boston, MA",Boston Inspectional Services,"$20,000.00",Recently issued construction permit. Full project and contact details are withheld.,2026-10-09T04:42:57,https://data.boston.gov/dataset/approved-building-permits,building_permit,2026-10-10,2026-10-10,public_record_preview,2026-11-08,source_applicant_only,False,1,new,unverified
BOS-EEB7567693C7D579,Construction,Construction permit activity,"Boston, MA",Boston Inspectional Services,"$815,000.00",Recently issued construction permit. Full project and contact details are withheld.,2026-10-08T19:52:37,https://data.boston.gov/dataset/approved-building-permits,building_permit,2026-10-10,2026-10-10,public_record_preview,2026-11-07,source_applicant_only,False,2,new,unverified
BOS-5FE4E1197662E684,Construction,Construction permit activity,"Boston, MA",Boston Inspectional Services,"$15,000.00",Recently issued construction permit. Full project and contact details are withheld.,2026-10-08T18:53:25,https://data.boston.gov/dataset/approved-building-permits,building_permit,2026-10-10,2026-10-10,public_record_preview,2026-11-07,source_applicant_only,False,2,new,unverified
BOS-D18CD6E94BA074CC,Construction,Construction permit activity,"Boston, MA",Boston Inspectional Services,"$52,500.00",Recently issued construction permit. Full project and contact details are withheld.,2026-10-08T16:25:39,https://data.boston.gov/dataset/approved-building-permits,building_permit,2026-10-10,2026-10-10,public_record_preview,2026-11-07,source_applicant_only,False,2,new,unverified
BOS-3CAC174D0F70C6F7,Construction,Construction permit activity,"Boston, MA",Boston Inspectional Services,"$7,000.00",Recently issued construction permit. Full project and contact details are withheld.,2026-10-08T15:06:03,https://data.boston.gov/dataset/approved-building-permits,building_permit,2026-10-10,2026-10-10,public_record_preview,2026-11-07,source_applicant_only,False,2,new,unverified
BOS-9C9ACF86FFFA0BD8,Construction,Construction permit activity,"Boston, MA",Boston Inspectional Services,"$10,000.00",Recently issued construction permit. Full project and contact details are withheld.,2026-10-08T15:04:01,https://data.boston.gov/dataset/approved-building-permits,building_permit,2026-10-10,2026-10-10,public_record_preview,2026-11-07,source_applicant_only,False,2,new,unverified
BOS-99A7BD1B85533525,Construction,Construction permit activity,"Boston, MA",Boston Inspectional Services,"$10,000.00",Recently issued construction permit. Full project and contact details are withheld.,2026-10-08T15:04:01,https://data.boston.gov/dataset/approved-building-permits,building_permit,2026-10-10,2026-10-10,public_record_preview,2026-11-07,source_applicant_only,False,2,new,unverified
BOS-5A6EDEF72CC27865,Construction,Construction permit activity,"Boston, MA",Boston Inspectional Services,"$6,000.00",Recently issued construction permit. Full project and contact details are withheld.,2026-10-08T14:51:02,https://data.boston.gov/dataset/approved-building-permits,building_permit,2026-10-10,2026-10-10,public_record_preview,2026-11-07,source_applicant_only,False,2,new,unverified
BOS-F5E811D5544DE80B,Construction,Construction permit activity,"Boston, MA",Boston Inspectional Services,"$10,000.00",Recently issued construction permit. Full project and contact details are withheld.,2026-10-08T14:34:44,https://data.boston.gov/dataset/approved-building-permits,building_permit,2026-10-10,2026-10-10,public_record_preview,2026-11-07,source_applicant_only,False,2,new,unverified
BOS-B6A8AB437A71839B,Construction,Construction permit activity,"Boston, MA",Boston Inspectional Services,"$10,000.00",Recently issued construction permit. Full project and contact details are withheld.,2026-10-08T14:34:39,https://data.boston.gov/dataset/approved-building-permits,building_permit,2026-10-10,2026-10-10,public_record_preview,2026-11-07,source_applicant_only,False,2,new,unverified
BOS-056F1E39FF0A42B6,Construction,Construction permit activity,"Boston, MA",Boston Inspectional Services,$500.00,Recently issued construction permit. Full project and contact details are withheld.,2026-10-08T14:33:26,https://data.boston.gov/dataset/approved-building-permits,building_permit,2026-10-10,2026-10-10,public_record_preview,2026-11-07,source_applicant_only,False,2,new,unverified
BOS-55404542AF58D15C,Construction,Construction permit activity,"Boston, MA",Boston Inspectional Services,$500.00,Recently issued construction permit. Full project and contact details are withheld.,2026-10-08T14:33:24,https://data.boston.gov/dataset/approved-building-permits,building_permit,2026-10-10,2026-10-10,public_record_preview,2026-11-07,source_applicant_only,False,2,new,unverified
BOS-0E52ECD801764717,Renewable Energy,Renewable Energy permit activity,"Boston, MA",Boston Inspectional Services,"$25,200.00",Recently issued renewable energy permit. Full project and contact details are withheld.,2026-10-08T13:34:14,https://data.boston.gov/dataset/approved-building-permits,building_permit,2026-10-10,2026-10-10,public_record_preview,2026-11-07,source_applicant_only,False,2,new,unverified
BOS-D8BB214334879907,Construction,Construction permit activity,"Boston, MA",Boston Inspectional Services,"$3,000.00",Recently issued construction permit. Full project and contact details are withheld.,2026-10-08T13:16:50,https://data.boston.gov/dataset/approved-building-permits,building_permit,2026-10-10,2026-10-10,public_record_preview,2026-11-07,source_applicant_only,False,2,new,unverified
BOS-EF6B6E7A5404A692,Construction,Construction permit activity,"Boston, MA",Boston Inspectional Services,"$14,000.00",Recently issued construction permit. Full project and contact details are withheld.,2026-10-08T13:14:59,https://data.boston.gov/dataset/approved-building-permits,building_permit,2026-10-10,2026-10-10,public_record_preview,2026-11-07,source_applicant_only,False,2,new,unverified
BOS-9B3F4945BA3F75F9,Construction,Construction permit activity,"Boston, MA",Boston Inspectional Services,"$3,500.00",Recently issued construction permit. Full project and contact details are withheld.,2026-10-07T18:43:11,https://data.boston.gov/dataset/approved-building-permits,building_permit,2026-10-10,2026-10-10,public_record_preview,2026-11-06,source_applicant_only,False,3,new,unverified
BOS-FFEB6473B748BA8F,Construction,Construction permit activity,"Boston, MA",Boston Inspectional Services,"$224,600.00",Recently issued construction permit. Full project and contact details are withheld.,2026-10-07T18:23:49,https://data.boston.gov/dataset/approved-building-permits,building_permit,2026-10-10,2026-10-10,public_record_preview,2026-11-06,source_applicant_only,False,3,new,unverified
BOS-D5863B57CA291DBE,Construction,Construction permit activity,"Boston, MA",Boston Inspectional Services,"$11,420.00",Recently issued construction permit. Full project and contact details are withheld.,2026-10-07T18:18:03,https://data.boston.gov/dataset/approved-building-permits,building_permit,2026-10-10,2026-10-10,public_record_preview,2026-11-06,source_applicant_only,False,3,new,unverified
BOS-07F8716A30CBBBC7,Construction,Construction permit activity,"Boston, MA",Boston Inspectional Services,"$585,450.00",Recently issued construction permit. Full project and contact details are withheld.,2026-10-07T18:02:34,https://data.boston.gov/dataset/approved-building-permits,building_permit,2026-10-10,2026-10-10,public_record_preview,2026-11-06,source_applicant_only,False,3,new,unverified
BOS-FB103512BE61BF9F,Construction,Construction permit activity,"Boston, MA",Boston Inspectional Services,$400.00,Recently issued construction permit. Full project and contact details are withheld.,2026-10-07T16:49:35,https://data.boston.gov/dataset/approved-building-permits,building_permit,2026-10-10,2026-10-10,public_record_preview,2026-11-06,source_applicant_only,False,3,new,unverified
BOS-A858B870ED6A43C0,Construction,Construction permit activity,"Boston, MA",Boston Inspectional Services,"$1,800.00",Recently issued construction permit. Full project and contact details are withheld.,2026-10-07T16:49:33,https://data.boston.gov/dataset/approved-building-permits,building_permit,2026-10-10,2026-10-10,public_record_preview,2026-11-06,source_applicant_only,False,3,new,unverified
BOS-078EB97D6D1530EB,Construction,Construction permit activity,"Boston, MA",Boston Inspectional Services,$400.00,Recently issued construction permit. Full project and contact details are withheld.,2026-10-07T16:49:32,https://data.boston.gov/dataset/approved-building-permits,building_permit,2026-10-10,2026-10-10,public_record_preview,2026-11-06,source_applicant_only,False,3,new,unverified
BOS-AAD74DD85A114924,Construction,Construction permit activity,"Boston, MA",Boston Inspectional Services,"$1,800.00",Recently issued construction permit. Full project and contact details are withheld.,2026-10-07T16:49:30,https://data.boston.gov/dataset/approved-building-permits,building_permit,2026-10-10,2026-10-10,public_record_preview,2026-11-06,source_applicant_only,False,3,new,unverified
BOS-93F7431934C42EED,Construction,Construction permit activity,"Boston, MA",Boston Inspectional Services,"$1,800.00",Recently issued construction permit. Full project and contact details are withheld.,2026-10-07T16:49:29,https://data.boston.gov/dataset/approved-building-permits,building_permit,2026-10-10,2026-10-10,public_record_preview,2026-11-06,source_applicant_only,False,3,new,unverified
BOS-EAB6FB439353C882,Construction,Construction permit activity,"Boston, MA",Boston Inspectional Services,$400.00,Recently issued construction permit. Full project and contact details are withheld.,2026-10-07T16:49:27,https://data.boston.gov/dataset/approved-building-permits,building_permit,2026-10-10,2026-10-10,public_record_preview,2026-11-06,source_applicant_only,False,3,new,unverified
BOS-517C8E781ACB1141,Construction,Construction permit activity,"Boston, MA",Boston Inspectional Services,"$1,800.00",Recently issued construction permit. Full project and contact details are withheld.,2026-10-07T16:49:26,https://data.boston.gov/dataset/approved-building-permits,building_permit,2026-10-10,2026-10-10,public_record_preview,2026-11-06,source_applicant_only,False,3,new,unverified
BOS-1288B30677B6FBBC,Construction,Construction permit activity,"Boston, MA",Boston Inspectional Services,$400.00,Recently issued construction permit. Full project and contact details are withheld.,2026-10-07T16:49:25,https://data.boston.gov/dataset/approved-building-permits,building_permit,2026-10-10,2026-10-10,public_record_preview,2026-11-06,source_applicant_only,False,3,new,unverified
BOS-BCA7A42D7FBBD648,Construction,Construction permit activity,"Boston, MA",Boston Inspectional Services,"$1,800.00",Recently issued construction permit. Full project and contact details are withheld.,2026-10-07T16:49:23,https://data.boston.gov/dataset/approved-building-permits,building_permit,2026-10-10,2026-10-10,public_record_preview,2026-11-06,source_applicant_only,False,3,new,unverified
BOS-4AF731EE9CB07818,Construction,Construction permit activity,"Boston, MA",Boston Inspectional Services,$400.00,Recently issued construction permit. Full project and contact details are withheld.,2026-10-07T16:49:22,https://data.boston.gov/dataset/approved-building-permits,building_permit,2026-10-10,2026-10-10,public_record_preview,2026-11-06,source_applicant_only,False,3,new,unverified
BOS-C729D33382AAD0AE,Construction,Construction permit activity,"Boston, MA",Boston Inspectional Services,"$1,800.00",Recently issued construction permit. Full project and contact details are withheld.,2026-10-07T16:49:21,https://data.boston.gov/dataset/approved-building-permits,building_permit,2026-10-10,2026-10-10,public_record_preview,2026-11-06,source_applicant_only,False,3,new,unverified
BOS-62005B846510A22E,Construction,Construction permit activity,"Boston, MA",Boston Inspectional Services,$400.00,Recently issued construction permit. Full project and contact details are withheld.,2026-10-07T16:49:13,https://data.boston.gov/dataset/approved-building-permits,building_permit,2026-10-10,2026-10-10,public_record_preview,2026-11-06,source_applicant_only,False,3,new,unverified
BOS-B2B422EB891A0A71,Construction,Construction permit activity,"Boston, MA",Boston Inspectional Services,"$1,800.00",Recently issued construction permit. Full project and contact details are withheld.,2026-10-07T16:49:11,https://data.boston.gov/dataset/approved-building-permits,building_permit,2026-10-10,2026-10-10,public_record_preview,2026-11-06,source_applicant_only,False,3,new,unverified
BOS-FE86727C2DC866B5,Construction,Construction permit activity,"Boston, MA",Boston Inspectional Services,$400.00,Recently issued construction permit. Full project and contact details are withheld.,2026-10-07T16:49:10,https://data.boston.gov/dataset/approved-building-permits,building_permit,2026-10-10,2026-10-10,public_record_preview,2026-11-06,source_applicant_only,False,3,new,unverified
BOS-2931BC1F3857B444,Construction,Construction permit activity,"Boston, MA",Boston Inspectional Services,"$1,800.00",Recently issued construction permit. Full project and contact details are withheld.,2026-10-07T16:49:08,https://data.boston.gov/dataset/approved-building-permits,building_permit,2026-10-10,2026-10-10,public_record_preview,2026-11-06,source_applicant_only,False,3,new,unverified
BOS-1C7F7B8ABD2943B7,Construction,Construction permit activity,"Boston, MA",Boston Inspectional Services,"$1,800.00",Recently issued construction permit. Full project and contact details are withheld.,2026-10-07T16:49:05,https://data.boston.gov/dataset/approved-building-permits,building_permit,2026-10-10,2026-10-10,public_record_preview,2026-11-06,source_applicant_only,False,3,new,unverified
BOS-0A58925FF8BCD192,Construction,Construction permit activity,"Boston, MA",Boston Inspectional Services,$400.00,Recently issued construction permit. Full project and contact details are withheld.,2026-10-07T16:49:03,https://data.boston.gov/dataset/approved-building-permits,building_permit,2026-10-10,2026-10-10,public_record_preview,2026-11-06,source_applicant_only,False,3,new,unverified
BOS-DC627EE971CC87FC,Construction,Construction permit activity,"Boston, MA",Boston Inspectional Services,"$1,800.00",Recently issued construction permit. Full project and contact details are withheld.,2026-10-07T16:49:02,https://data.boston.gov/dataset/approved-building-permits,building_permit,2026-10-10,2026-10-10,public_record_preview,2026-11-06,source_applicant_only,False,3,new,unverified
BOS-C836D3F4C25E2BB9,Construction,Construction permit activity,"Boston, MA",Boston Inspectional Services,"$1,800.00",Recently issued construction permit. Full project and contact details are withheld.,2026-10-07T16:48:57,https://data.boston.gov/dataset/approved-building-permits,building_permit,2026-10-10,2026-10-10,public_record_preview,2026-11-06,source_applicant_only,False,3,new,unverified
BOS-EE7F97F27B251BBB,Construction,Construction permit activity,"Boston, MA",Boston Inspectional Services,"$1,800.00",Recently issued construction permit. Full project and contact details are withheld.,2026-10-07T16:48:54,https://data.boston.gov/dataset/approved-building-permits,building_permit,2026-10-10,2026-10-10,public_record_preview,2026-11-06,source_applicant_only,False,3,new,unverified
BOS-42AA52D43356ABBA,Construction,Construction permit activity,"Boston, MA",Boston Inspectional Services,$400.00,Recently issued construction permit. Full project and contact details are withheld.,2026-10-07T16:48:53,https://data.boston.gov/dataset/approved-building-permits,building_permit,2026-10-10,2026-10-10,public_record_preview,2026-11-06,source_applicant_only,False,3,new,unverified
BOS-DC3B7A3BC7D434C1,Construction,Construction permit activity,"Boston, MA",Boston Inspectional Services,"$1,800.00",Recently issued construction permit. Full project and contact details are withheld.,2026-10-07T16:48:52,https://data.boston.gov/dataset/approved-building-permits,building_permit,2026-10-10,2026-10-10,public_record_preview,2026-11-06,source_applicant_only,False,3,new,unverified
BOS-D7C1B7A04D20270C,Construction,Construction permit activity,"Boston, MA",Boston Inspectional Services,"$1,800.00",Recently issued construction permit. Full project and contact details are withheld.,2026-10-07T16:48:50,https://data.boston.gov/dataset/approved-building-permits,building_permit,2026-10-10,2026-10-10,public_record_preview,2026-11-06,source_applicant_only,False,3,new,unverified
BOS-3D11B571061191B9,Construction,Construction permit activity,"Boston, MA",Boston Inspectional Services,"$1,800.00",Recently issued construction permit. Full project and contact details are withheld.,2026-10-07T16:48:49,https://data.boston.gov/dataset/approved-building-permits,building_permit,2026-10-10,2026-10-10,public_record_preview,2026-11-06,source_applicant_only,False,3,new,unverified
BOS-5E67433DA9CBF09E,Construction,Construction permit activity,"Boston, MA",Boston Inspectional Services,"$1,800.00",Recently issued construction permit. Full project and contact details are withheld.,2026-10-07T16:48:48,https://data.boston.gov/dataset/approved-building-permits,building_permit,2026-10-10,2026-10-10,public_record_preview,2026-11-06,source_applicant_only,False,3,new,unverified
BOS-5C3EA790C24BF2C0,Construction,Construction permit activity,"Boston, MA",Boston Inspectional Services,"$1,800.00",Recently issued construction permit. Full project and contact details are withheld.,2026-10-07T16:48:46,https://data.boston.gov/dataset/approved-building-permits,building_permit,2026-10-10,2026-10-10,public_record_preview,2026-11-06,source_applicant_only,False,3,new,unverified
BOS-FCF542BD068FABF5,Construction,Construction permit activity,"Boston, MA",Boston Inspectional Services,$400.00,Recently issued construction permit. Full project and contact details are withheld.,2026-10-07T16:48:43,https://data.boston.gov/dataset/approved-building-permits,building_permit,2026-10-10,2026-10-10,public_record_preview,2026-11-06,source_applicant_only,False,3,new,unverified
BOS-311636EB2818C06F,Construction,Construction permit activity,"Boston, MA",Boston Inspectional Services,"$1,800.00",Recently issued construction permit. Full project and contact details are withheld.,2026-10-07T16:48:39,https://data.boston.gov/dataset/approved-building-permits,building_permit,2026-10-10,2026-10-10,public_record_preview,2026-11-06,source_applicant_only,False,3,new,unverified
BOS-B9F6409E00E9C5DA,Construction,Construction permit activity,"Boston, MA",Boston Inspectional Services,$400.00,Recently issued construction permit. Full project and contact details are withheld.,2026-10-07T16:48:34,https://data.boston.gov/dataset/approved-building-permits,building_permit,2026-10-10,2026-10-10,public_record_preview,2026-11-06,source_applicant_only,False,3,new,unverified
BOS-871E471D37EEEAA2,Construction,Construction permit activity,"Boston, MA",Boston Inspectional Services,$400.00,Recently issued construction permit. Full project and contact details are withheld.,2026-10-07T16:48:33,https://data.boston.gov/dataset/approved-building-permits,building_permit,2026-10-10,2026-10-10,public_record_preview,2026-11-06,source_applicant_only,False,3,new,unverified
BOS-75350BC7D37D075E,Construction,Construction permit activity,"Boston, MA",Boston Inspectional Services,"$1,800.00",Recently issued construction permit. Full project and contact details are withheld.,2026-10-07T16:48:30,https://data.boston.gov/dataset/approved-building-permits,building_permit,2026-10-10,2026-10-10,public_record_preview,2026-11-06,source_applicant_only,False,3,new,unverified
BOS-54D9EF8B7865F10B,Construction,Construction permit activity,"Boston, MA",Boston Inspectional Services,$400.00,Recently issued construction permit. Full project and contact details are withheld.,2026-10-07T16:48:28,https://data.boston.gov/dataset/approved-building-permits,building_permit,2026-10-10,2026-10-10,public_record_preview,2026-11-06,source_applicant_only,False,3,new,unverified
BOS-7AC6CB7EEF8E9290,Construction,Construction permit activity,"Boston, MA",Boston Inspectional Services,"$1,800.00",Recently issued construction permit. Full project and contact details are withheld.,2026-10-07T16:48:26,https://data.boston.gov/dataset/approved-building-permits,building_permit,2026-10-10,2026-10-10,public_record_preview,2026-11-06,source_applicant_only,False,3,new,unverified
BOS-54BFD618476E9103,Construction,Construction permit activity,"Boston, MA",Boston Inspectional Services,$400.00,Recently issued construction permit. Full project and contact details are withheld.,2026-10-07T16:48:24,https://data.boston.gov/dataset/approved-building-permits,building_permit,2026-10-10,2026-10-10,public_record_preview,2026-11-06,source_applicant_only,False,3,new,unverified
BOS-9F530B2D1195FF34,Construction,Construction permit activity,"Boston, MA",Boston Inspectional Services,$400.00,Recently issued construction permit. Full project and contact details are withheld.,2026-10-07T16:48:22,https://data.boston.gov/dataset/approved-building-permits,building_permit,2026-10-10,2026-10-10,public_record_preview,2026-11-06,source_applicant_only,False,3,new,unverified
BOS-AFB3A284A4A6E93C,Construction,Construction permit activity,"Boston, MA",Boston Inspectional Services,"$18,200.00",Recently issued construction permit. Full project and contact details are withheld.,2026-10-07T16:10:42,https://data.boston.gov/dataset/approved-building-permits,building_permit,2026-10-10,2026-10-10,public_record_preview,2026-11-06,source_applicant_only,False,3,new,unverified
BOS-48E7312BC1347F20,Construction,Construction permit activity,"Boston, MA",Boston Inspectional Services,"$27,800.00",Recently issued construction permit. Full project and contact details are withheld.,2026-10-07T15:26:18,https://data.boston.gov/dataset/approved-building-permits,building_permit,2026-10-10,2026-10-10,public_record_preview,2026-11-06,source_applicant_only,False,3,new,unverified
BOS-E68601E392788111,Construction,Construction permit activity,"Boston, MA",Boston Inspectional Services,"$52,000.00",Recently issued construction permit. Full project and contact details are withheld.,2026-10-07T15:11:28,https://data.boston.gov/dataset/approved-building-permits,building_permit,2026-10-10,2026-10-10,public_record_preview,2026-11-06,source_applicant_only,False,3,new,unverified
BOS-037BE30B14A3986C,Construction,Construction permit activity,"Boston, MA",Boston Inspectional Services,"$25,000.00",Recently issued construction permit. Full project and contact details are withheld.,2026-10-07T15:04:20,https://data.boston.gov/dataset/approved-building-permits,building_permit,2026-10-10,2026-10-10,public_record_preview,2026-11-06,source_applicant_only,False,3,new,unverified
BOS-2B909F8067FF1D26,Construction,Construction permit activity,"Boston, MA",Boston Inspectional Services,"$1,845,000.00",Recently issued construction permit. Full project and contact details are withheld.,2026-10-07T14:34:31,https://data.boston.gov/dataset/approved-building-permits,building_permit,2026-10-10,2026-10-10,public_record_preview,2026-11-06,source_applicant_only,False,3,new,unverified
BOS-727A572DF1954DE3,Construction,Construction permit activity,"Boston, MA",Boston Inspectional Services,"$14,481.00",Recently issued construction permit. Full project and contact details are withheld.,2026-10-07T14:29:16,https://data.boston.gov/dataset/approved-building-permits,building_permit,2026-10-10,2026-10-10,public_record_preview,2026-11-06,source_applicant_only,False,3,new,unverified
BOS-343ABDBE4063F208,Construction,Construction permit activity,"Boston, MA",Boston Inspectional Services,"$60,000.00",Recently issued construction permit. Full project and contact details are withheld.,2026-10-07T14:07:33,https://data.boston.gov/dataset/approved-building-permits,building_permit,2026-10-10,2026-10-10,public_record_preview,2026-11-06,source_applicant_only,False,3,new,unverified
BOS-747F6E5095F09C26,Renewable Energy,Renewable Energy permit activity,"Boston, MA",Boston Inspectional Services,"$377,200.00",Recently issued renewable energy permit. Full project and contact details are withheld.,2026-10-07T13:39:13,https://data.boston.gov/dataset/approved-building-permits,building_permit,2026-10-10,2026-10-10,public_record_preview,2026-11-06,source_applicant_only,False,3,new,unverified
BOS-25F85D418A55768D,Construction,Construction permit activity,"Boston, MA",Boston Inspectional Services,"$4,500.00",Recently issued construction permit. Full project and contact details are withheld.,2026-10-07T08:56:35,https://data.boston.gov/dataset/approved-building-permits,building_permit,2026-10-10,2026-10-10,public_record_preview,2026-11-06,source_applicant_only,False,3,new,unverified
BOS-6C7326BB72AD8339,Construction,Construction permit activity,"Boston, MA",Boston Inspectional Services,"$1,400.00",Recently issued construction permit. Full project and contact details are withheld.,2026-10-06T19:06:56,https://data.boston.gov/dataset/approved-building-permits,building_permit,2026-10-10,2026-10-10,public_record_preview,2026-11-05,source_applicant_only,False,4,new,unverified
BOS-2936FB1635F37545,Construction,Construction permit activity,"Boston, MA",Boston Inspectional Services,"$23,000.00",Recently issued construction permit. Full project and contact details are withheld.,2026-10-06T19:06:54,https://data.boston.gov/dataset/approved-building-permits,building_permit,2026-10-10,2026-10-10,public_record_preview,2026-11-05,source_applicant_only,False,4,new,unverified
BOS-D95DA59E37FA39DC,Construction,Construction permit activity,"Boston, MA",Boston Inspectional Services,"$3,500.00",Recently issued construction permit. Full project and contact details are withheld.,2026-10-06T19:06:52,https://data.boston.gov/dataset/approved-building-permits,building_permit,2026-10-10,2026-10-10,public_record_preview,2026-11-05,source_applicant_only,False,4,new,unverified
BOS-48CA3D281EE2B76D,Construction,Construction permit activity,"Boston, MA",Boston Inspectional Services,"$60,000.00",Recently issued construction permit. Full project and contact details are withheld.,2026-10-06T15:48:41,https://data.boston.gov/dataset/approved-building-permits,building_permit,2026-10-10,2026-10-10,public_record_preview,2026-11-05,source_applicant_only,False,4,new,unverified
BOS-935741730E30E670,Construction,Construction permit activity,"Boston, MA",Boston Inspectional Services,"$9,000.00",Recently issued construction permit. Full project and contact details are withheld.,2026-10-06T14:30:51,https://data.boston.gov/dataset/approved-building-permits,building_permit,2026-10-10,2026-10-10,public_record_preview,2026-11-05,source_applicant_only,False,4,new,unverified
BOS-56A408DAF0900E1B,Construction,Construction permit activity,"Boston, MA",Boston Inspectional Services,"$45,000.00",Recently issued construction permit. Full project and contact details are withheld.,2026-10-06T14:30:51,https://data.boston.gov/dataset/approved-building-permits,building_permit,2026-10-10,2026-10-10,public_record_preview,2026-11-05,source_applicant_only,False,4,new,unverified
BOS-69DD2E53B1825F6D,Construction,Construction permit activity,"Boston, MA",Boston Inspectional Services,"$1,500.00",Recently issued construction permit. Full project and contact details are withheld.,2026-10-06T14:18:00,https://data.boston.gov/dataset/approved-building-permits,building_permit,2026-10-10,2026-10-10,public_record_preview,2026-11-05,source_applicant_only,False,4,new,unverified
BOS-2A698A28BEAFFF79,Construction,Construction permit activity,"Boston, MA",Boston Inspectional Services,"$3,500.00",Recently issued construction permit. Full project and contact details are withheld.,2026-10-06T14:01:50,https://data.boston.gov/dataset/approved-building-permits,building_permit,2026-10-10,2026-10-10,public_record_preview,2026-11-05,source_applicant_only,False,4,new,unverified
BOS-640604DB1A714024,Construction,Construction permit activity,"Boston, MA",Boston Inspectional Services,"$420,640.00",Recently issued construction permit. Full project and contact details are withheld.,2026-10-06T12:12:26,https://data.boston.gov/dataset/approved-building-permits,building_permit,2026-10-10,2026-10-10,public_record_preview,2026-11-05,source_applicant_only,False,4,new,unverified
BOS-CBEC3EA7BEF571C7,Construction,Construction permit activity,"Boston, MA",Boston Inspectional Services,"$83,310.00",Recently issued construction permit. Full project and contact details are withheld.,2026-10-05T22:26:08,https://data.boston.gov/dataset/approved-building-permits,building_permit,2026-10-10,2026-10-10,public_record_preview,2026-11-04,source_applicant_only,False,5,new,unverified
BOS-98A20D8D29E8ACDD,Construction,Construction permit activity,"Boston, MA",Boston Inspectional Services,"$10,000.00",Recently issued construction permit. Full project and contact details are withheld.,2026-10-05T20:26:26,https://data.boston.gov/dataset/approved-building-permits,building_permit,2026-10-10,2026-10-10,public_record_preview,2026-11-04,source_applicant_only,False,5,new,unverified
BOS-2A9C2BBC91F91456,Construction,Construction permit activity,"Boston, MA",Boston Inspectional Services,"$50,000.00",Recently issued construction permit. Full project and contact details are withheld.,2026-10-05T20:23:16,https://data.boston.gov/dataset/approved-building-permits,building_permit,2026-10-10,2026-10-10,public_record_preview,2026-11-04,source_applicant_only,False,5,new,unverified
BOS-3E5CB30AC810C44A,Construction,Construction permit activity,"Boston, MA",Boston Inspectional Services,"$600,000.00",Recently issued construction permit. Full project and contact details are withheld.,2026-10-05T15:14:46,https://data.boston.gov/dataset/approved-building-permits,building_permit,2026-10-10,2026-10-10,public_record_preview,2026-11-04,source_applicant_only,False,5,new,unverified
BOS-C39CE4C005DC8AE9,Construction,Construction permit activity,"Boston, MA",Boston Inspectional Services,"$5,500.00",Recently issued construction permit. Full project and contact details are withheld.,2026-10-05T14:33:51,https://data.boston.gov/dataset/approved-building-permits,building_permit,2026-10-10,2026-10-10,public_record_preview,2026-11-04,source_applicant_only,False,5,new,unverified
BOS-8677DB14B2D9EE1C,Construction,Construction permit activity,"Boston, MA",Boston Inspectional Services,"$2,000.00",Recently issued construction permit. Full project and contact details are withheld.,2026-10-02T20:12:30,https://data.boston.gov/dataset/approved-building-permits,building_permit,2026-10-10,2026-10-10,public_record_preview,2026-11-01,source_applicant_only,False,8,recent,unverified
BOS-EFD2BFB9444504E2,Construction,Construction permit activity,"Boston, MA",Boston Inspectional Services,"$13,270,701.00",Recently issued construction permit. Full project and contact details are withheld.,2026-10-02T16:37:05,https://data.boston.gov/dataset/approved-building-permits,building_permit,2026-10-10,2026-10-10,public_record_preview,2026-11-01,source_applicant_only,False,8,recent,unverified
BOS-732AAD8F7C48E2AC,Construction,Construction permit activity,"Boston, MA",Boston Inspectional Services,"$15,000.00",Recently issued construction permit. Full project and contact details are withheld.,2026-10-02T16:08:59,https://data.boston.gov/dataset/approved-building-permits,building_permit,2026-10-10,2026-10-10,public_record_preview,2026-11-01,source_applicant_only,False,8,recent,unverified
BOS-26C5F8E6D775CA29,Construction,Construction permit activity,"Boston, MA",Boston Inspectional Services,"$20,000.00",Recently issued construction permit. Full project and contact details are withheld.,2026-10-02T15:29:59,https://data.boston.gov/dataset/approved-building-permits,building_permit,2026-10-10,2026-10-10,public_record_preview,2026-11-01,source_applicant_only,False,8,recent,unverified
BOS-74C5497FADB3C837,Construction,Construction permit activity,"Boston, MA",Boston Inspectional Services,"$65,000.00",Recently issued construction permit. Full project and contact details are withheld.,2026-10-02T14:38:46,https://data.boston.gov/dataset/approved-building-permits,building_permit,2026-10-10,2026-10-10,public_record_preview,2026-11-01,source_applicant_only,False,8,recent,unverified
BOS-D7010B4818F7810C,Construction,Construction permit activity,"Boston, MA",Boston Inspectional Services,"$1,000.00",Recently issued construction permit. Full project and contact details are withheld.,2026-10-02T12:42:10,https://data.boston.gov/dataset/approved-building-permits,building_permit,2026-10-10,2026-10-10,public_record_preview,2026-11-01,source_applicant_only,False,8,recent,unverified
BOS-731FE931763EEFE9,Construction,Construction permit activity,"Boston, MA",Boston Inspectional Services,"$30,000.00",Recently issued construction permit. Full project and contact details are withheld.,2026-10-02T12:42:10,https://data.boston.gov/dataset/approved-building-permits,building_permit,2026-10-10,2026-10-10,public_record_preview,2026-11-01,source_applicant_only,False,8,recent,unverified
BOS-549180850E319D04,Construction,Construction permit activity,"Boston, MA",Boston Inspectional Services,"$16,000.00",Recently issued construction permit. Full project and contact details are withheld.,2026-10-02T12:09:52,https://data.boston.gov/dataset/approved-building-permits,building_permit,2026-10-10,2026-10-10,public_record_preview,2026-11-01,source_applicant_only,False,8,recent,unverified
BOS-4301E83AC38F2195,Construction,Construction permit activity,"Boston, MA",Boston Inspectional Services,"$53,000.00",Recently issued construction permit. Full project and contact details are withheld.,2026-10-02T12:09:52,https://data.boston.gov/dataset/approved-building-permits,building_permit,2026-10-10,2026-10-10,public_record_preview,2026-11-01,source_applicant_only,False,8,recent,unverified
BOS-AB422B2A046B4EB0,Construction,Construction permit activity,"Boston, MA",Boston Inspectional Services,"$25,000.00",Recently issued construction permit. Full project and contact details are withheld.,2026-10-02T12:03:04,https://data.boston.gov/dataset/approved-building-permits,building_permit,2026-10-10,2026-10-10,public_record_preview,2026-11-01,source_applicant_only,False,8,recent,unverified
BOS-23CD9C39496616D4,Construction,Construction permit activity,"Boston, MA",Boston Inspectional Services,"$300,000.00",Recently issued construction permit. Full project and contact details are withheld.,2026-10-02T12:03:03,https://data.boston.gov/dataset/approved-building-permits,building_permit,2026-10-10,2026-10-10,public_record_preview,2026-11-01,source_applicant_only,False,8,recent,unverified
BOS-0A81CA201968FB6C,Construction,Construction permit activity,"Boston, MA",Boston Inspectional Services,"$8,500.00",Recently issued construction permit. Full project and contact details are withheld.,2026-10-01T18:24:04,https://data.boston.gov/dataset/approved-building-permits,building_permit,2026-10-10,2026-10-10,public_record_preview,2026-10-31,source_applicant_only,False,9,recent,unverified
BOS-FD80DD9238AA3989,Construction,Construction permit activity,"Boston, MA",Boston Inspectional Services,"$25,000.00",Recently issued construction permit. Full project and contact details are withheld.,2026-10-01T13:42:49,https://data.boston.gov/dataset/approved-building-permits,building_permit,2026-10-10,2026-10-10,public_record_preview,2026-10-31,source_applicant_only,False,9,recent,unverified
BOS-66C1EEC988B1682C,Construction,Construction permit activity,"Boston, MA",Boston Inspectional Services,"$129,500.00",Recently issued construction permit. Full project and contact details are withheld.,2026-09-30T21:27:32,https://data.boston.gov/dataset/approved-building-permits,building_permit,2026-10-10,2026-10-10,public_record_preview,2026-10-30,source_applicant_only,False,10,recent,unverified
BOS-59B2640C5C0F33AE,Construction,Construction permit activity,"Boston, MA",Boston Inspectional Services,"$1,500.00",Recently issued construction permit. Full project and contact details are withheld.,2026-09-30T20:56:11,https://data.boston.gov/dataset/approved-building-permits,building_permit,2026-10-10,2026-10-10,public_record_preview,2026-10-30,source_applicant_only,False,10,recent,unverified
BOS-633F5FB9E0CF0149,Construction,Construction permit activity,"Boston, MA",Boston Inspectional Services,"$75,000.00",Recently issued construction permit. Full project and contact details are withheld.,2026-09-30T19:36:38,https://data.boston.gov/dataset/approved-building-permits,building_permit,2026-10-10,2026-10-10,public_record_preview,2026-10-30,source_applicant_only,False,10,recent,unverified
BOS-E8053ED556EB459F,Construction,Construction permit activity,"Boston, MA",Boston Inspectional Services,"$350,000.00",Recently issued construction permit. Full project and contact details are withheld.,2026-09-30T19:33:38,https://data.boston.gov/dataset/approved-building-permits,building_permit,2026-10-10,2026-10-10,public_record_preview,2026-10-30,source_applicant_only,False,10,recent,unverified
BOS-757E4D01A79C647C,Construction,Construction permit activity,"Boston, MA",Boston Inspectional Services,"$950,000.00",Recently issued construction permit. Full project and contact details are withheld.,2026-09-30T17:02:54,https://data.boston.gov/dataset/approved-building-permits,building_permit,2026-10-10,2026-10-10,public_record_preview,2026-10-30,source_applicant_only,False,10,recent,unverified
BOS-BBE54544D96AE0DC,Construction,Construction permit activity,"Boston, MA",Boston Inspectional Services,"$59,500.00",Recently issued construction permit. Full project and contact details are withheld.,2026-09-30T15:56:19,https://data.boston.gov/dataset/approved-building-permits,building_permit,2026-10-10,2026-10-10,public_record_preview,2026-10-30,source_applicant_only,False,10,recent,unverified
BOS-CBED23A8EB6900A2,Construction,Construction permit activity,"Boston, MA",Boston Inspectional Services,$500.00,Recently issued construction permit. Full project and contact details are withheld.,2026-09-30T14:03:47,https://data.boston.gov/dataset/approved-building-permits,building_permit,2026-10-10,2026-10-10,public_record_preview,2026-10-30,source_applicant_only,False,10,recent,unverified
BOS-89BAAB7C84083193,Construction,Construction permit activity,"Boston, MA",Boston Inspectional Services,"$30,630.00",Recently issued construction permit. Full project and contact details are withheld.,2026-09-30T13:48:09,https://data.boston.gov/dataset/approved-building-permits,building_permit,2026-10-10,2026-10-10,public_record_preview,2026-10-30,source_applicant_only,False,10,recent,unverified
BOS-99FDB690990F3D36,Construction,Construction permit activity,"Boston, MA",Boston Inspectional Services,"$100,000.00",Recently issued construction permit. Full project and contact details are withheld.,2026-09-30T13:34:30,https://data.boston.gov/dataset/approved-building-permits,building_permit,2026-10-10,2026-10-10,public_record_preview,2026-10-30,source_applicant_only,False,10,recent,unverified
BOS-0EE7DE02A84F525C,Construction,Construction permit activity,"Boston, MA",Boston Inspectional Services,"$128,553.50",Recently issued construction permit. Full project and contact details are withheld.,2026-09-30T00:30:51,https://data.boston.gov/dataset/approved-building-permits,building_permit,2026-10-10,2026-10-10,public_record_preview,2026-10-30,source_applicant_only,False,10,recent,unverified
BOS-B8A7D42163AB01AD,Construction,Construction permit activity,"Boston, MA",Boston Inspectional Services,"$2,600.00",Recently issued construction permit. Full project and contact details are withheld.,2026-09-29T19:30:18,https://data.boston.gov/dataset/approved-building-permits,building_permit,2026-10-10,2026-10-10,public_record_preview,2026-10-29,source_applicant_only,False,11,recent,unverified
BOS-69897DB3CA9BB729,Construction,Construction permit activity,"Boston, MA",Boston Inspectional Services,"$15,000.00",Recently issued construction permit. Full project and contact details are withheld.,2026-09-29T18:13:17,https://data.boston.gov/dataset/approved-building-permits,building_permit,2026-10-10,2026-10-10,public_record_preview,2026-10-29,source_applicant_only,False,11,recent,unverified
BOS-334A2F9D3867EFCB,Construction,Construction permit activity,"Boston, MA",Boston Inspectional Services,"$1,500.00",Recently issued construction permit. Full project and contact details are withheld.,2026-09-29T13:51:55,https://data.boston.gov/dataset/approved-building-permits,building_permit,2026-10-10,2026-10-10,public_record_preview,2026-10-29,source_applicant_only,False,11,recent,unverified
BOS-04391250097B0EED,Construction,Construction permit activity,"Boston, MA",Boston Inspectional Services,$1.00,Recently issued construction permit. Full project and contact details are withheld.,2026-09-29T12:06:19,https://data.boston.gov/dataset/approved-building-permits,building_permit,2026-10-10,2026-10-10,public_record_preview,2026-10-29,source_applicant_only,False,11,recent,unverified
BOS-1908A14F68A04302,Construction,Construction permit activity,"Boston, MA",Boston Inspectional Services,"$110,000.00",Recently issued construction permit. Full project and contact details are withheld.,2026-09-29T10:31:56,https://data.boston.gov/dataset/approved-building-permits,building_permit,2026-10-10,2026-10-10,public_record_preview,2026-10-29,source_applicant_only,False,11,recent,unverified
BOS-8A209D65EDAE39BB,Construction,Construction permit activity,"Boston, MA",Boston Inspectional Services,"$6,000.00",Recently issued construction permit. Full project and contact details are withheld.,2026-09-28T20:27:12,https://data.boston.gov/dataset/approved-building-permits,building_permit,2026-10-10,2026-10-10,public_record_preview,2026-10-28,source_applicant_only,False,12,recent,unverified
BOS-DDCE15E82B1D7E72,Construction,Construction permit activity,"Boston, MA",Boston Inspectional Services,"$300,000.00",Recently issued construction permit. Full project and contact details are withheld.,2026-09-28T19:14:45,https://data.boston.gov/dataset/approved-building-permits,building_permit,2026-10-10,2026-10-10,public_record_preview,2026-10-28,source_applicant_only,False,12,recent,unverified
BOS-6D671A10CDDD2721,Construction,Construction permit activity,"Boston, MA",Boston Inspectional Services,$400.00,Recently issued construction permit. Full project and contact details are withheld.,2026-09-28T18:32:58,https://data.boston.gov/dataset/approved-building-permits,building_permit,2026-10-10,2026-10-10,public_record_preview,2026-10-28,source_applicant_only,False,12,recent,unverified
BOS-52B8E07EC4FCD5F4,Construction,Construction permit activity,"Boston, MA",Boston Inspectional Services,"$1,000.00",Recently issued construction permit. Full project and contact details are withheld.,2026-09-28T17:29:17,https://data.boston.gov/dataset/approved-building-permits,building_permit,2026-10-10,2026-10-10,public_record_preview,2026-10-28,source_applicant_only,False,12,recent,unverified
BOS-6D61A98545D22DBD,Construction,Construction permit activity,"Boston, MA",Boston Inspectional Services,$500.00,Recently issued construction permit. Full project and contact details are withheld.,2026-09-28T17:25:33,https://data.boston.gov/dataset/approved-building-permits,building_permit,2026-10-10,2026-10-10,public_record_preview,2026-10-28,source_applicant_only,False,12,recent,unverified
BOS-B88DD22D8C5DA0D2,Construction,Construction permit activity,"Boston, MA",Boston Inspectional Services,$500.00,Recently issued construction permit. Full project and contact details are withheld.,2026-09-28T17:25:31,https://data.boston.gov/dataset/approved-building-permits,building_permit,2026-10-10,2026-10-10,public_record_preview,2026-10-28,source_applicant_only,False,12,recent,unverified
BOS-BEE7E3DA3A40E4B8,Construction,Construction permit activity,"Boston, MA",Boston Inspectional Services,$500.00,Recently issued construction permit. Full project and contact details are withheld.,2026-09-28T17:07:49,https://data.boston.gov/dataset/approved-building-permits,building_permit,2026-10-10,2026-10-10,public_record_preview,2026-10-28,source_applicant_only,False,12,recent,unverified
BOS-99002C5307C82F60,Construction,Construction permit activity,"Boston, MA",Boston Inspectional Services,$500.00,Recently issued construction permit. Full project and contact details are withheld.,2026-09-28T17:07:49,https://data.boston.gov/dataset/approved-building-permits,building_permit,2026-10-10,2026-10-10,public_record_preview,2026-10-28,source_applicant_only,False,12,recent,unverified
BOS-DC1AB1AEA713E572,Construction,Construction permit activity,"Boston, MA",Boston Inspectional Services,$500.00,Recently issued construction permit. Full project and contact details are withheld.,2026-09-28T16:42:57,https://data.boston.gov/dataset/approved-building-permits,building_permit,2026-10-10,2026-10-10,public_record_preview,2026-10-28,source_applicant_only,False,12,recent,unverified
BOS-9B1F695BB8C917D5,Construction,Construction permit activity,"Boston, MA",Boston Inspectional Services,$500.00,Recently issued construction permit. Full project and contact details are withheld.,2026-09-28T16:42:56,https://data.boston.gov/dataset/approved-building-permits,building_permit,2026-10-10,2026-10-10,public_record_preview,2026-10-28,source_applicant_only,False,12,recent,unverified
BOS-5D00312A7413CFB5,Construction,Construction permit activity,"Boston, MA",Boston Inspectional Services,$500.00,Recently issued construction permit. Full project and contact details are withheld.,2026-09-28T16:42:56,https://data.boston.gov/dataset/approved-building-permits,building_permit,2026-10-10,2026-10-10,public_record_preview,2026-10-28,source_applicant_only,False,12,recent,unverified
BOS-3BF91AD06D20D255,Construction,Construction permit activity,"Boston, MA",Boston Inspectional Services,$500.00,Recently issued construction permit. Full project and contact details are withheld.,2026-09-28T16:42:56,https://data.boston.gov/dataset/approved-building-permits,building_permit,2026-10-10,2026-10-10,public_record_preview,2026-10-28,source_applicant_only,False,12,recent,unverified
BOS-24396A8A81617687,Construction,Construction permit activity,"Boston, MA",Boston Inspectional Services,$150.00,Recently issued construction permit. Full project and contact details are withheld.,2026-09-28T16:38:29,https://data.boston.gov/dataset/approved-building-permits,building_permit,2026-10-10,2026-10-10,public_record_preview,2026-10-28,source_applicant_only,False,12,recent,unverified
BOS-1DE36C0C3498E9B3,Construction,Construction permit activity,"Boston, MA",Boston Inspectional Services,"$950,000.00",Recently issued construction permit. Full project and contact details are withheld.,2026-09-28T16:33:40,https://data.boston.gov/dataset/approved-building-permits,building_permit,2026-10-10,2026-10-10,public_record_preview,2026-10-28,source_applicant_only,False,12,recent,unverified
BOS-8531F9801BD1475B,Construction,Construction permit activity,"Boston, MA",Boston Inspectional Services,"$5,953.00",Recently issued construction permit. Full project and contact details are withheld.,2026-09-28T16:33:14,https://data.boston.gov/dataset/approved-building-permits,building_permit,2026-10-10,2026-10-10,public_record_preview,2026-10-28,source_applicant_only,False,12,recent,unverified
BOS-52BDC9E117619C0E,Construction,Construction permit activity,"Boston, MA",Boston Inspectional Services,"$12,500.00",Recently issued construction permit. Full project and contact details are withheld.,2026-09-28T15:59:05,https://data.boston.gov/dataset/approved-building-permits,building_permit,2026-10-10,2026-10-10,public_record_preview,2026-10-28,source_applicant_only,False,12,recent,unverified
BOS-78724FBD38994D1A,Construction,Construction permit activity,"Boston, MA",Boston Inspectional Services,"$31,525.00",Recently issued construction permit. Full project and contact details are withheld.,2026-09-28T15:12:16,https://data.boston.gov/dataset/approved-building-permits,building_permit,2026-10-10,2026-10-10,public_record_preview,2026-10-28,source_applicant_only,False,12,recent,unverified
BOS-072A501D8D4D687B,Construction,Construction permit activity,"Boston, MA",Boston Inspectional Services,"$5,000.00",Recently issued construction permit. Full project and contact details are withheld.,2026-09-28T14:32:51,https://data.boston.gov/dataset/approved-building-permits,building_permit,2026-10-10,2026-10-10,public_record_preview,2026-10-28,source_applicant_only,False,12,recent,unverified
BOS-2BF41C0DA3A1EDAB,Construction,Construction permit activity,"Boston, MA",Boston Inspectional Services,"$83,000.00",Recently issued construction permit. Full project and contact details are withheld.,2026-09-28T12:25:10,https://data.boston.gov/dataset/approved-building-permits,building_permit,2026-10-10,2026-10-10,public_record_preview,2026-10-28,source_applicant_only,False,12,recent,unverified
BOS-DF844E26B9D03C84,Construction,Construction permit activity,"Boston, MA",Boston Inspectional Services,"$43,500.00",Recently issued construction permit. Full project and contact details are withheld.,2026-09-28T12:25:07,https://data.boston.gov/dataset/approved-building-permits,building_permit,2026-10-10,2026-10-10,public_record_preview,2026-10-28,source_applicant_only,False,12,recent,unverified
BOS-EC2A684C150183D7,Construction,Construction permit activity,"Boston, MA",Boston Inspectional Services,"$3,476.76",Recently issued construction permit. Full project and contact details are withheld.,2026-09-28T12:08:38,https://data.boston.gov/dataset/approved-building-permits,building_permit,2026-10-10,2026-10-10,public_record_preview,2026-10-28,source_applicant_only,False,12,recent,unverified
BOS-01F65396D724F191,Construction,Construction permit activity,"Boston, MA",Boston Inspectional Services,"$126,000.00",Recently issued construction permit. Full project and contact details are withheld.,2026-09-28T11:59:52,https://data.boston.gov/dataset/approved-building-permits,building_permit,2026-10-10,2026-10-10,public_record_preview,2026-10-28,source_applicant_only,False,12,recent,unverified
BOS-088153176638D9AD,Construction,Construction permit activity,"Boston, MA",Boston Inspectional Services,"$75,000.00",Recently issued construction permit. Full project and contact details are withheld.,2026-09-28T11:48:23,https://data.boston.gov/dataset/approved-building-permits,building_permit,2026-10-10,2026-10-10,public_record_preview,2026-10-28,source_applicant_only,False,12,recent,unverified
BOS-40455660C3E4DED7,Construction,Construction permit activity,"Boston, MA",Boston Inspectional Services,$300.00,Recently issued construction permit. Full project and contact details are withheld.,2026-09-28T00:47:20,https://data.boston.gov/dataset/approved-building-permits,building_permit,2026-10-10,2026-10-10,public_record_preview,2026-10-28,source_applicant_only,False,12,recent,unverified
BOS-750381EE8C981DF7,Construction,Construction permit activity,"Boston, MA",Boston Inspectional Services,"$800,000.00",Recently issued construction permit. Full project and contact details are withheld.,2026-09-27T13:55:25,https://data.boston.gov/dataset/approved-building-permits,building_permit,2026-10-10,2026-10-10,public_record_preview,2026-10-27,source_applicant_only,False,13,recent,unverified
BOS-CDDE941F7E4B66FC,Construction,Construction permit activity,"Boston, MA",Boston Inspectional Services,"$10,800.00",Recently issued construction permit. Full project and contact details are withheld.,2026-09-25T19:48:59,https://data.boston.gov/dataset/approved-building-permits,building_permit,2026-10-10,2026-10-10,public_record_preview,2026-10-25,source_applicant_only,False,15,recent,unverified
BOS-1AC7AC4CD4EF1B6E,Construction,Construction permit activity,"Boston, MA",Boston Inspectional Services,"$4,200.00",Recently issued construction permit. Full project and contact details are withheld.,2026-09-25T16:30:47,https://data.boston.gov/dataset/approved-building-permits,building_permit,2026-10-10,2026-10-10,public_record_preview,2026-10-25,source_applicant_only,False,15,recent,unverified
BOS-8BE8453E9AF2B392,Construction,Construction permit activity,"Boston, MA",Boston Inspectional Services,"$22,200.00",Recently issued construction permit. Full project and contact details are withheld.,2026-09-25T16:30:46,https://data.boston.gov/dataset/approved-building-permits,building_permit,2026-10-10,2026-10-10,public_record_preview,2026-10-25,source_applicant_only,False,15,recent,unverified
BOS-BB9DD0ED7A114633,Construction,Construction permit activity,"Boston, MA",Boston Inspectional Services,"$26,992.00",Recently issued construction permit. Full project and contact details are withheld.,2026-09-25T16:08:36,https://data.boston.gov/dataset/approved-building-permits,building_permit,2026-10-10,2026-10-10,public_record_preview,2026-10-25,source_applicant_only,False,15,recent,unverified
BOS-6AC3829ED92695C6,Construction,Construction permit activity,"Boston, MA",Boston Inspectional Services,"$88,600.00",Recently issued construction permit. Full project and contact details are withheld.,2026-09-25T16:00:21,https://data.boston.gov/dataset/approved-building-permits,building_permit,2026-10-10,2026-10-10,public_record_preview,2026-10-25,source_applicant_only,False,15,recent,unverified
BOS-5C3CDBFD9E13C44B,Construction,Construction permit activity,"Boston, MA",Boston Inspectional Services,"$1,610.00",Recently issued construction permit. Full project and contact details are withheld.,2026-09-25T15:04:11,https://data.boston.gov/dataset/approved-building-permits,building_permit,2026-10-10,2026-10-10,public_record_preview,2026-10-25,source_applicant_only,False,15,recent,unverified
BOS-C3489C73A0C5FDD9,Construction,Construction permit activity,"Boston, MA",Boston Inspectional Services,"$6,420.00",Recently issued construction permit. Full project and contact details are withheld.,2026-09-25T14:18:32,https://data.boston.gov/dataset/approved-building-permits,building_permit,2026-10-10,2026-10-10,public_record_preview,2026-10-25,source_applicant_only,False,15,recent,unverified
BOS-AA54A0AD56CEFC17,Construction,Construction permit activity,"Boston, MA",Boston Inspectional Services,"$154,100.00",Recently issued construction permit. Full project and contact details are withheld.,2026-09-25T13:21:51,https://data.boston.gov/dataset/approved-building-permits,building_permit,2026-10-10,2026-10-10,public_record_preview,2026-10-25,source_applicant_only,False,15,recent,unverified
BOS-52BE439E03FAFA32,Construction,Construction permit activity,"Boston, MA",Boston Inspectional Services,"$30,100.00",Recently issued construction permit. Full project and contact details are withheld.,2026-09-25T13:20:40,https://data.boston.gov/dataset/approved-building-permits,building_permit,2026-10-10,2026-10-10,public_record_preview,2026-10-25,source_applicant_only,False,15,recent,unverified
BOS-6533EFCA927DDDDC,Construction,Construction permit activity,"Boston, MA",Boston Inspectional Services,"$121,200.00",Recently issued construction permit. Full project and contact details are withheld.,2026-09-25T13:05:55,https://data.boston.gov/dataset/approved-building-permits,building_permit,2026-10-10,2026-10-10,public_record_preview,2026-10-25,source_applicant_only,False,15,recent,unverified
BOS-2B9AB6F97750F518,Construction,Construction permit activity,"Boston, MA",Boston Inspectional Services,"$950,000.00",Recently issued construction permit. Full project and contact details are withheld.,2026-09-24T20:28:53,https://data.boston.gov/dataset/approved-building-permits,building_permit,2026-10-10,2026-10-10,public_record_preview,2026-10-24,source_applicant_only,False,16,recent,unverified
BOS-C4DFA46412E66E14,Construction,Construction permit activity,"Boston, MA",Boston Inspectional Services,"$5,600.00",Recently issued construction permit. Full project and contact details are withheld.,2026-09-24T20:10:40,https://data.boston.gov/dataset/approved-building-permits,building_permit,2026-10-10,2026-10-10,public_record_preview,2026-10-24,source_applicant_only,False,16,recent,unverified
BOS-51F51CF109BCEF39,Construction,Construction permit activity,"Boston, MA",Boston Inspectional Services,"$30,000.00",Recently issued construction permit. Full project and contact details are withheld.,2026-09-24T20:05:21,https://data.boston.gov/dataset/approved-building-permits,building_permit,2026-10-10,2026-10-10,public_record_preview,2026-10-24,source_applicant_only,False,16,recent,unverified
BOS-CA3A474AED36A61F,Construction,Construction permit activity,"Boston, MA",Boston Inspectional Services,"$20,000.00",Recently issued construction permit. Full project and contact details are withheld.,2026-09-24T20:05:20,https://data.boston.gov/dataset/approved-building-permits,building_permit,2026-10-10,2026-10-10,public_record_preview,2026-10-24,source_applicant_only,False,16,recent,unverified
BOS-ABCCB4BEB704FB86,Construction,Construction permit activity,"Boston, MA",Boston Inspectional Services,$0.00,Recently issued construction permit. Full project and contact details are withheld.,2026-09-24T19:59:32,https://data.boston.gov/dataset/approved-building-permits,building_permit,2026-10-10,2026-10-10,public_record_preview,2026-10-24,source_applicant_only,False,16,recent,unverified
BOS-7BFC215C8812CA97,Construction,Construction permit activity,"Boston, MA",Boston Inspectional Services,"$120,000.00",Recently issued construction permit. Full project and contact details are withheld.,2026-09-24T19:54:33,https://data.boston.gov/dataset/approved-building-permits,building_permit,2026-10-10,2026-10-10,public_record_preview,2026-10-24,source_applicant_only,False,16,recent,unverified
BOS-DE2A1A7152005579,Construction,Construction permit activity,"Boston, MA",Boston Inspectional Services,"$10,000.00",Recently issued construction permit. Full project and contact details are withheld.,2026-09-24T19:54:31,https://data.boston.gov/dataset/approved-building-permits,building_permit,2026-10-10,2026-10-10,public_record_preview,2026-10-24,source_applicant_only,False,16,recent,unverified
BOS-CF137D653DFB23A2,Construction,Construction permit activity,"Boston, MA",Boston Inspectional Services,"$120,000.00",Recently issued construction permit. Full project and contact details are withheld.,2026-09-24T19:51:28,https://data.boston.gov/dataset/approved-building-permits,building_permit,2026-10-10,2026-10-10,public_record_preview,2026-10-24,source_applicant_only,False,16,recent,unverified
BOS-9C4C59C02EEDB60F,Construction,Construction permit activity,"Boston, MA",Boston Inspectional Services,"$10,000.00",Recently issued construction permit. Full project and contact details are withheld.,2026-09-24T13:02:48,https://data.boston.gov/dataset/approved-building-permits,building_permit,2026-10-10,2026-10-10,public_record_preview,2026-10-24,source_applicant_only,False,16,recent,unverified
BOS-A03AE8B88A593F9C,Construction,Construction permit activity,"Boston, MA",Boston Inspectional Services,"$150,000.00",Recently issued construction permit. Full project and contact details are withheld.,2026-09-24T12:53:17,https://data.boston.gov/dataset/approved-building-permits,building_permit,2026-10-10,2026-10-10,public_record_preview,2026-10-24,source_applicant_only,False,16,recent,unverified
BOS-B5083A6B90F214D4,Construction,Construction permit activity,"Boston, MA",Boston Inspectional Services,"$2,000.00",Recently issued construction permit. Full project and contact details are withheld.,2026-09-24T01:23:24,https://data.boston.gov/dataset/approved-building-permits,building_permit,2026-10-10,2026-10-10,public_record_preview,2026-10-24,source_applicant_only,False,16,recent,unverified
BOS-C465814E3EC9776B,Construction,Construction permit activity,"Boston, MA",Boston Inspectional Services,"$26,000.00",Recently issued construction permit. Full project and contact details are withheld.,2026-09-23T21:28:31,https://data.boston.gov/dataset/approved-building-permits,building_permit,2026-10-10,2026-10-10,public_record_preview,2026-10-23,source_applicant_only,False,17,recent,unverified
BOS-D79FA17B7BAFC382,Construction,Construction permit activity,"Boston, MA",Boston Inspectional Services,"$15,200.00",Recently issued construction permit. Full project and contact details are withheld.,2026-09-23T20:53:10,https://data.boston.gov/dataset/approved-building-permits,building_permit,2026-10-10,2026-10-10,public_record_preview,2026-10-23,source_applicant_only,False,17,recent,unverified
BOS-B1E57AA1AB426D7D,Construction,Construction permit activity,"Boston, MA",Boston Inspectional Services,"$40,000.00",Recently issued construction permit. Full project and contact details are withheld.,2026-09-23T20:45:43,https://data.boston.gov/dataset/approved-building-permits,building_permit,2026-10-10,2026-10-10,public_record_preview,2026-10-23,source_applicant_only,False,17,recent,unverified
BOS-76C30131F1A4E306,Construction,Construction permit activity,"Boston, MA",Boston Inspectional Services,"$13,275.00",Recently issued construction permit. Full project and contact details are withheld.,2026-09-23T20:40:16,https://data.boston.gov/dataset/approved-building-permits,building_permit,2026-10-10,2026-10-10,public_record_preview,2026-10-23,source_applicant_only,False,17,recent,unverified
BOS-F20A309D5C0ED0D3,Construction,Construction permit activity,"Boston, MA",Boston Inspectional Services,"$70,609.27",Recently issued construction permit. Full project and contact details are withheld.,2026-09-23T19:12:54,https://data.boston.gov/dataset/approved-building-permits,building_permit,2026-10-10,2026-10-10,public_record_preview,2026-10-23,source_applicant_only,False,17,recent,unverified
BOS-A83CA58ABC052292,Construction,Construction permit activity,"Boston, MA",Boston Inspectional Services,"$14,500.00",Recently issued construction permit. Full project and contact details are withheld.,2026-09-23T15:39:53,https://data.boston.gov/dataset/approved-building-permits,building_permit,2026-10-10,2026-10-10,public_record_preview,2026-10-23,source_applicant_only,False,17,recent,unverified
BOS-B33011E87FC40A5C,Construction,Construction permit activity,"Boston, MA",Boston Inspectional Services,"$2,500.00",Recently issued construction permit. Full project and contact details are withheld.,2026-09-23T15:39:50,https://data.boston.gov/dataset/approved-building-permits,building_permit,2026-10-10,2026-10-10,public_record_preview,2026-10-23,source_applicant_only,False,17,recent,unverified
BOS-1E7FF3D22929AB4F,Construction,Construction permit activity,"Boston, MA",Boston Inspectional Services,"$8,000.00",Recently issued construction permit. Full project and contact details are withheld.,2026-09-23T15:07:58,https://data.boston.gov/dataset/approved-building-permits,building_permit,2026-10-10,2026-10-10,public_record_preview,2026-10-23,source_applicant_only,False,17,recent,unverified
BOS-E2B5A102287D9541,Construction,Construction permit activity,"Boston, MA",Boston Inspectional Services,"$12,800.00",Recently issued construction permit. Full project and contact details are withheld.,2026-09-22T22:38:33,https://data.boston.gov/dataset/approved-building-permits,building_permit,2026-10-10,2026-10-10,public_record_preview,2026-10-22,source_applicant_only,False,18,recent,unverified
BOS-8DA420AACE69860D,Construction,Construction permit activity,"Boston, MA",Boston Inspectional Services,"$1,000.00",Recently issued construction permit. Full project and contact details are withheld.,2026-09-22T18:42:58,https://data.boston.gov/dataset/approved-building-permits,building_permit,2026-10-10,2026-10-10,public_record_preview,2026-10-22,source_applicant_only,False,18,recent,unverified
BOS-E7360BFD34CB4932,Construction,Construction permit activity,"Boston, MA",Boston Inspectional Services,"$2,770.00",Recently issued construction permit. Full project and contact details are withheld.,2026-09-22T18:24:54,https://data.boston.gov/dataset/approved-building-permits,building_permit,2026-10-10,2026-10-10,public_record_preview,2026-10-22,source_applicant_only,False,18,recent,unverified
BOS-F16831F041E69DDD,Construction,Construction permit activity,"Boston, MA",Boston Inspectional Services,"$250,000.00",Recently issued construction permit. Full project and contact details are withheld.,2026-09-22T15:54:57,https://data.boston.gov/dataset/approved-building-permits,building_permit,2026-10-10,2026-10-10,public_record_preview,2026-10-22,source_applicant_only,False,18,recent,unverified
BOS-EA964C8B30719D66,Construction,Construction permit activity,"Boston, MA",Boston Inspectional Services,"$45,000.00",Recently issued construction permit. Full project and contact details are withheld.,2026-09-22T15:53:15,https://data.boston.gov/dataset/approved-building-permits,building_permit,2026-10-10,2026-10-10,public_record_preview,2026-10-22,source_applicant_only,False,18,recent,unverified
BOS-4E7EE007D4D16ACD,Construction,Construction permit activity,"Boston, MA",Boston Inspectional Services,$100.00,Recently issued construction permit. Full project and contact details are withheld.,2026-09-22T15:51:19,https://data.boston.gov/dataset/approved-building-permits,building_permit,2026-10-10,2026-10-10,public_record_preview,2026-10-22,source_applicant_only,False,18,recent,unverified
BOS-348191FF5F82E356,Construction,Construction permit activity,"Boston, MA",Boston Inspectional Services,"$11,200.00",Recently issued construction permit. Full project and contact details are withheld.,2026-09-22T13:41:57,https://data.boston.gov/dataset/approved-building-permits,building_permit,2026-10-10,2026-10-10,public_record_preview,2026-10-22,source_applicant_only,False,18,recent,unverified
BOS-EF1CF23BBA14D196,Construction,Construction permit activity,"Boston, MA",Boston Inspectional Services,"$9,500.00",Recently issued construction permit. Full project and contact details are withheld.,2026-09-22T12:35:44,https://data.boston.gov/dataset/approved-building-permits,building_permit,2026-10-10,2026-10-10,public_record_preview,2026-10-22,source_applicant_only,False,18,recent,unverified
BOS-911022822D27DDD9,Construction,Construction permit activity,"Boston, MA",Boston Inspectional Services,"$538,977.00",Recently issued construction permit. Full project and contact details are withheld.,2026-09-22T12:20:11,https://data.boston.gov/dataset/approved-building-permits,building_permit,2026-10-10,2026-10-10,public_record_preview,2026-10-22,source_applicant_only,False,18,recent,unverified
BOS-18FDCE6604643B70,Construction,Construction permit activity,"Boston, MA",Boston Inspectional Services,"$150,000.00",Recently issued construction permit. Full project and contact details are withheld.,2026-09-22T12:07:54,https://data.boston.gov/dataset/approved-building-permits,building_permit,2026-10-10,2026-10-10,public_record_preview,2026-10-22,source_applicant_only,False,18,recent,unverified
BOS-2B7EF63CDBD5F1F0,Construction,Construction permit activity,"Boston, MA",Boston Inspectional Services,"$14,000.00",Recently issued construction permit. Full project and contact details are withheld.,2026-09-22T11:41:11,https://data.boston.gov/dataset/approved-building-permits,building_permit,2026-10-10,2026-10-10,public_record_preview,2026-10-22,source_applicant_only,False,18,recent,unverified
BOS-1DAA72FEDF3A5F8C,Construction,Construction permit activity,"Boston, MA",Boston Inspectional Services,"$2,500.00",Recently issued construction permit. Full project and contact details are withheld.,2026-09-21T22:49:55,https://data.boston.gov/dataset/approved-building-permits,building_permit,2026-10-10,2026-10-10,public_record_preview,2026-10-21,source_applicant_only,False,19,recent,unverified
BOS-859817E4A39D29A4,Construction,Construction permit activity,"Boston, MA",Boston Inspectional Services,"$10,000.00",Recently issued construction permit. Full project and contact details are withheld.,2026-09-21T19:00:46,https://data.boston.gov/dataset/approved-building-permits,building_permit,2026-10-10,2026-10-10,public_record_preview,2026-10-21,source_applicant_only,False,19,recent,unverified
BOS-F125D9401B353239,Construction,Construction permit activity,"Boston, MA",Boston Inspectional Services,"$7,000,000.00",Recently issued construction permit. Full project and contact details are withheld.,2026-09-21T18:59:32,https://data.boston.gov/dataset/approved-building-permits,building_permit,2026-10-10,2026-10-10,public_record_preview,2026-10-21,source_applicant_only,False,19,recent,unverified
BOS-B35A2B6349DC27D6,Construction,Construction permit activity,"Boston, MA",Boston Inspectional Services,"$9,000.00",Recently issued construction permit. Full project and contact details are withheld.,2026-09-21T16:09:17,https://data.boston.gov/dataset/approved-building-permits,building_permit,2026-10-10,2026-10-10,public_record_preview,2026-10-21,source_applicant_only,False,19,recent,unverified
BOS-6313F20466C268A7,Construction,Construction permit activity,"Boston, MA",Boston Inspectional Services,"$5,000.00",Recently issued construction permit. Full project and contact details are withheld.,2026-09-21T15:18:50,https://data.boston.gov/dataset/approved-building-permits,building_permit,2026-10-10,2026-10-10,public_record_preview,2026-10-21,source_applicant_only,False,19,recent,unverified
BOS-584A6501D8BD5D01,Construction,Construction permit activity,"Boston, MA",Boston Inspectional Services,"$10,500.00",Recently issued construction permit. Full project and contact details are withheld.,2026-09-21T12:56:33,https://data.boston.gov/dataset/approved-building-permits,building_permit,2026-10-10,2026-10-10,public_record_preview,2026-10-21,source_applicant_only,False,19,recent,unverified
BOS-85604BC26A3D14BE,Construction,Construction permit activity,"Boston, MA",Boston Inspectional Services,"$10,500.00",Recently issued construction permit. Full project and contact details are withheld.,2026-09-21T12:56:32,https://data.boston.gov/dataset/approved-building-permits,building_permit,2026-10-10,2026-10-10,public_record_preview,2026-10-21,source_applicant_only,False,19,recent,unverified
BOS-F095E67C15F078FB,Construction,Construction permit activity,"Boston, MA",Boston Inspectional Services,"$30,000.00",Recently issued construction permit. Full project and contact details are withheld.,2026-09-18T22:55:49,https://data.boston.gov/dataset/approved-building-permits,building_permit,2026-10-10,2026-10-10,public_record_preview,2026-10-18,source_applicant_only,False,22,recent,unverified
BOS-3623120FF7A2705E,Construction,Construction permit activity,"Boston, MA",Boston Inspectional Services,"$6,000.00",Recently issued construction permit. Full project and contact details are withheld.,2026-09-18T19:32:29,https://data.boston.gov/dataset/approved-building-permits,building_permit,2026-10-10,2026-10-10,public_record_preview,2026-10-18,source_applicant_only,False,22,recent,unverified
BOS-AE273BE406A1BC3F,Construction,Construction permit activity,"Boston, MA",Boston Inspectional Services,"$530,000.00",Recently issued construction permit. Full project and contact details are withheld.,2026-09-18T19:07:07,https://data.boston.gov/dataset/approved-building-permits,building_permit,2026-10-10,2026-10-10,public_record_preview,2026-10-18,source_applicant_only,False,22,recent,unverified
BOS-15EB93A04DB4ECA1,Construction,Construction permit activity,"Boston, MA",Boston Inspectional Services,"$5,000.00",Recently issued construction permit. Full project and contact details are withheld.,2026-09-18T15:46:27,https://data.boston.gov/dataset/approved-building-permits,building_permit,2026-10-10,2026-10-10,public_record_preview,2026-10-18,source_applicant_only,False,22,recent,unverified
BOS-8EB6C26E83CF7E24,Construction,Construction permit activity,"Boston, MA",Boston Inspectional Services,"$5,000.00",Recently issued construction permit. Full project and contact details are withheld.,2026-09-18T15:46:25,https://data.boston.gov/dataset/approved-building-permits,building_permit,2026-10-10,2026-10-10,public_record_preview,2026-10-18,source_applicant_only,False,22,recent,unverified
BOS-0EE6B4BE5FFC04C9,Construction,Construction permit activity,"Boston, MA",Boston Inspectional Services,"$10,000.00",Recently issued construction permit. Full project and contact details are withheld.,2026-09-18T15:46:23,https://data.boston.gov/dataset/approved-building-permits,building_permit,2026-10-10,2026-10-10,public_record_preview,2026-10-18,source_applicant_only,False,22,recent,unverified
BOS-8EFF4152F11A1AF1,Construction,Construction permit activity,"Boston, MA",Boston Inspectional Services,"$4,567.42",Recently issued construction permit. Full project and contact details are withheld.,2026-09-18T15:19:19,https://data.boston.gov/dataset/approved-building-permits,building_permit,2026-10-10,2026-10-10,public_record_preview,2026-10-18,source_applicant_only,False,22,recent,unverified
BOS-BDE836EAF51B52E1,Construction,Construction permit activity,"Boston, MA",Boston Inspectional Services,"$19,120.00",Recently issued construction permit. Full project and contact details are withheld.,2026-09-17T19:35:23,https://data.boston.gov/dataset/approved-building-permits,building_permit,2026-10-10,2026-10-10,public_record_preview,2026-10-17,source_applicant_only,False,23,recent,unverified
BOS-0C91A7DC81FDD792,Construction,Construction permit activity,"Boston, MA",Boston Inspectional Services,"$11,000.00",Recently issued construction permit. Full project and contact details are withheld.,2026-09-17T17:40:51,https://data.boston.gov/dataset/approved-building-permits,building_permit,2026-10-10,2026-10-10,public_record_preview,2026-10-17,source_applicant_only,False,23,recent,unverified
BOS-B20D7FBC2AFF761E,Construction,Construction permit activity,"Boston, MA",Boston Inspectional Services,"$16,000.00",Recently issued construction permit. Full project and contact details are withheld.,2026-09-17T17:39:17,https://data.boston.gov/dataset/approved-building-permits,building_permit,2026-10-10,2026-10-10,public_record_preview,2026-10-17,source_applicant_only,False,23,recent,unverified
BOS-CE562710699F3BB5,Construction,Construction permit activity,"Boston, MA",Boston Inspectional Services,"$8,000.00",Recently issued construction permit. Full project and contact details are withheld.,2026-09-17T15:43:53,https://data.boston.gov/dataset/approved-building-permits,building_permit,2026-10-10,2026-10-10,public_record_preview,2026-10-17,source_applicant_only,False,23,recent,unverified
BOS-8988CDC580115C7A,Construction,Construction permit activity,"Boston, MA",Boston Inspectional Services,"$7,000.00",Recently issued construction permit. Full project and contact details are withheld.,2026-09-17T15:43:52,https://data.boston.gov/dataset/approved-building-permits,building_permit,2026-10-10,2026-10-10,public_record_preview,2026-10-17,source_applicant_only,False,23,recent,unverified
BOS-B1C8AF448BB8BE9A,Construction,Construction permit activity,"Boston, MA",Boston Inspectional Services,"$26,613.00",Recently issued construction permit. Full project and contact details are withheld.,2026-09-17T13:32:55,https://data.boston.gov/dataset/approved-building-permits,building_permit,2026-10-10,2026-10-10,public_record_preview,2026-10-17,source_applicant_only,False,23,recent,unverified
BOS-80FFE99996D7C7E9,Construction,Construction permit activity,"Boston, MA",Boston Inspectional Services,"$129,645.00",Recently issued construction permit. Full project and contact details are withheld.,2026-09-17T13:26:08,https://data.boston.gov/dataset/approved-building-permits,building_permit,2026-10-10,2026-10-10,public_record_preview,2026-10-17,source_applicant_only,False,23,recent,unverified
BOS-5F788E4B30051F50,Construction,Construction permit activity,"Boston, MA",Boston Inspectional Services,"$850,000.00",Recently issued construction permit. Full project and contact details are withheld.,2026-09-17T12:50:23,https://data.boston.gov/dataset/approved-building-permits,building_permit,2026-10-10,2026-10-10,public_record_preview,2026-10-17,source_applicant_only,False,23,recent,unverified
BOS-B3D754B128D25F99,Construction,Construction permit activity,"Boston, MA",Boston Inspectional Services,"$24,000.00",Recently issued construction permit. Full project and contact details are withheld.,2026-09-17T11:35:22,https://data.boston.gov/dataset/approved-building-permits,building_permit,2026-10-10,2026-10-10,public_record_preview,2026-10-17,source_applicant_only,False,23,recent,unverified
BOS-B9A48C227E6E1A8D,Construction,Construction permit activity,"Boston, MA",Boston Inspectional Services,"$10,000.00",Recently issued construction permit. Full project and contact details are withheld.,2026-09-16T20:43:04,https://data.boston.gov/dataset/approved-building-permits,building_permit,2026-10-10,2026-10-10,public_record_preview,2026-10-16,source_applicant_only,False,24,recent,unverified
BOS-E65B681A9BB13A98,Construction,Construction permit activity,"Boston, MA",Boston Inspectional Services,"$1,775.00",Recently issued construction permit. Full project and contact details are withheld.,2026-09-16T19:43:47,https://data.boston.gov/dataset/approved-building-permits,building_permit,2026-10-10,2026-10-10,public_record_preview,2026-10-16,source_applicant_only,False,24,recent,unverified
BOS-498BE9CBF433AED0,Construction,Construction permit activity,"Boston, MA",Boston Inspectional Services,"$14,044.00",Recently issued construction permit. Full project and contact details are withheld.,2026-09-16T16:23:07,https://data.boston.gov/dataset/approved-building-permits,building_permit,2026-10-10,2026-10-10,public_record_preview,2026-10-16,source_applicant_only,False,24,recent,unverified
BOS-67794F5606BE4F1E,Construction,Construction permit activity,"Boston, MA",Boston Inspectional Services,"$16,700.00",Recently issued construction permit. Full project and contact details are withheld.,2026-09-16T16:21:58,https://data.boston.gov/dataset/approved-building-permits,building_permit,2026-10-10,2026-10-10,public_record_preview,2026-10-16,source_applicant_only,False,24,recent,unverified
BOS-8DD791F4B8B67790,Construction,Construction permit activity,"Boston, MA",Boston Inspectional Services,"$2,500.00",Recently issued construction permit. Full project and contact details are withheld.,2026-09-16T15:24:08,https://data.boston.gov/dataset/approved-building-permits,building_permit,2026-10-10,2026-10-10,public_record_preview,2026-10-16,source_applicant_only,False,24,recent,unverified
BOS-04CD8B606EE3D5DE,Construction,Construction permit activity,"Boston, MA",Boston Inspectional Services,"$11,750.00",Recently issued construction permit. Full project and contact details are withheld.,2026-09-16T15:17:58,https://data.boston.gov/dataset/approved-building-permits,building_permit,2026-10-10,2026-10-10,public_record_preview,2026-10-16,source_applicant_only,False,24,recent,unverified
BOS-4BF3B716AD76F443,Renewable Energy,Renewable Energy permit activity,"Boston, MA",Boston Inspectional Services,"$44,454.90",Recently issued renewable energy permit. Full project and contact details are withheld.,2026-09-16T14:50:34,https://data.boston.gov/dataset/approved-building-permits,building_permit,2026-10-10,2026-10-10,public_record_preview,2026-10-16,source_applicant_only,False,24,recent,unverified
BOS-3E1A8BBF2B340F50,Construction,Construction permit activity,"Boston, MA",Boston Inspectional Services,"$5,500.00",Recently issued construction permit. Full project and contact details are withheld.,2026-09-16T12:45:15,https://data.boston.gov/dataset/approved-building-permits,building_permit,2026-10-10,2026-10-10,public_record_preview,2026-10-16,source_applicant_only,False,24,recent,unverified
BOS-41EDBDA41007D3E2,Construction,Construction permit activity,"Boston, MA",Boston Inspectional Services,"$7,000.00",Recently issued construction permit. Full project and contact details are withheld.,2026-09-16T12:45:11,https://data.boston.gov/dataset/approved-building-permits,building_permit,2026-10-10,2026-10-10,public_record_preview,2026-10-16,source_applicant_only,False,24,recent,unverified
BOS-631E163A49B78702,Construction,Construction permit activity,"Boston, MA",Boston Inspectional Services,"$24,300.00",Recently issued construction permit. Full project and contact details are withheld.,2026-09-15T20:20:08,https://data.boston.gov/dataset/approved-building-permits,building_permit,2026-10-10,2026-10-10,public_record_preview,2026-10-15,source_applicant_only,False,25,recent,unverified
BOS-5E2406AB9E9CBE83,Construction,Construction permit activity,"Boston, MA",Boston Inspectional Services,"$15,000.00",Recently issued construction permit. Full project and contact details are withheld.,2026-09-15T20:01:23,https://data.boston.gov/dataset/approved-building-permits,building_permit,2026-10-10,2026-10-10,public_record_preview,2026-10-15,source_applicant_only,False,25,recent,unverified
BOS-C3F1D899DF203AFA,Construction,Construction permit activity,"Boston, MA",Boston Inspectional Services,"$1,975.00",Recently issued construction permit. Full project and contact details are withheld.,2026-09-15T19:57:35,https://data.boston.gov/dataset/approved-building-permits,building_permit,2026-10-10,2026-10-10,public_record_preview,2026-10-15,source_applicant_only,False,25,recent,unverified
BOS-FF6E3C6AE882FFDB,Construction,Construction permit activity,"Boston, MA",Boston Inspectional Services,"$1,006,000.00",Recently issued construction permit. Full project and contact details are withheld.,2026-09-15T19:35:29,https://data.boston.gov/dataset/approved-building-permits,building_permit,2026-10-10,2026-10-10,public_record_preview,2026-10-15,source_applicant_only,False,25,recent,unverified
BOS-6BCE43CFC0B32129,Construction,Construction permit activity,"Boston, MA",Boston Inspectional Services,"$14,300.00",Recently issued construction permit. Full project and contact details are withheld.,2026-09-15T19:25:44,https://data.boston.gov/dataset/approved-building-permits,building_permit,2026-10-10,2026-10-10,public_record_preview,2026-10-15,source_applicant_only,False,25,recent,unverified
BOS-BB7146A91DEB52FB,Construction,Construction permit activity,"Boston, MA",Boston Inspectional Services,"$103,821.00",Recently issued construction permit. Full project and contact details are withheld.,2026-09-15T18:27:54,https://data.boston.gov/dataset/approved-building-permits,building_permit,2026-10-10,2026-10-10,public_record_preview,2026-10-15,source_applicant_only,False,25,recent,unverified
BOS-A6B87363066F6901,Construction,Construction permit activity,"Boston, MA",Boston Inspectional Services,"$2,415.00",Recently issued construction permit. Full project and contact details are withheld.,2026-09-15T17:43:08,https://data.boston.gov/dataset/approved-building-permits,building_permit,2026-10-10,2026-10-10,public_record_preview,2026-10-15,source_applicant_only,False,25,recent,unverified
BOS-766CD0CDFA5FE291,Construction,Construction permit activity,"Boston, MA",Boston Inspectional Services,"$16,325.00",Recently issued construction permit. Full project and contact details are withheld.,2026-09-15T17:27:48,https://data.boston.gov/dataset/approved-building-permits,building_permit,2026-10-10,2026-10-10,public_record_preview,2026-10-15,source_applicant_only,False,25,recent,unverified
BOS-BA58C23ADD55E664,Construction,Construction permit activity,"Boston, MA",Boston Inspectional Services,"$16,325.00",Recently issued construction permit. Full project and contact details are withheld.,2026-09-15T17:27:47,https://data.boston.gov/dataset/approved-building-permits,building_permit,2026-10-10,2026-10-10,public_record_preview,2026-10-15,source_applicant_only,False,25,recent,unverified
BOS-23C563F20A723245,Construction,Construction permit activity,"Boston, MA",Boston Inspectional Services,"$5,400.00",Recently issued construction permit. Full project and contact details are withheld.,2026-09-15T13:44:13,https://data.boston.gov/dataset/approved-building-permits,building_permit,2026-10-10,2026-10-10,public_record_preview,2026-10-15,source_applicant_only,False,25,recent,unverified
BOS-876651BD4D9E6068,Construction,Construction permit activity,"Boston, MA",Boston Inspectional Services,"$2,200.00",Recently issued construction permit. Full project and contact details are withheld.,2026-09-15T13:35:02,https://data.boston.gov/dataset/approved-building-permits,building_permit,2026-10-10,2026-10-10,public_record_preview,2026-10-15,source_applicant_only,False,25,recent,unverified
BOS-E1A95A8044F5D6D1,Construction,Construction permit activity,"Boston, MA",Boston Inspectional Services,"$9,000.00",Recently issued construction permit. Full project and contact details are withheld.,2026-09-15T13:29:30,https://data.boston.gov/dataset/approved-building-permits,building_permit,2026-10-10,2026-10-10,public_record_preview,2026-10-15,source_applicant_only,False,25,recent,unverified
BOS-43022B269E2CB59F,Construction,Construction permit activity,"Boston, MA",Boston Inspectional Services,"$3,714.00",Recently issued construction permit. Full project and contact details are withheld.,2026-09-14T19:08:58,https://data.boston.gov/dataset/approved-building-permits,building_permit,2026-10-10,2026-10-10,public_record_preview,2026-10-14,source_applicant_only,False,26,recent,unverified
BOS-FA297241BEDBB639,Construction,Construction permit activity,"Boston, MA",Boston Inspectional Services,"$10,000.00",Recently issued construction permit. Full project and contact details are withheld.,2026-09-14T19:02:01,https://data.boston.gov/dataset/approved-building-permits,building_permit,2026-10-10,2026-10-10,public_record_preview,2026-10-14,source_applicant_only,False,26,recent,unverified
BOS-0B3EB65CF354C189,Renewable Energy,Renewable Energy permit activity,"Boston, MA",Boston Inspectional Services,"$27,658.32",Recently issued renewable energy permit. Full project and contact details are withheld.,2026-09-14T14:49:52,https://data.boston.gov/dataset/approved-building-permits,building_permit,2026-10-10,2026-10-10,public_record_preview,2026-10-14,source_applicant_only,False,26,recent,unverified
BOS-688427B71335E209,Construction,Construction permit activity,"Boston, MA",Boston Inspectional Services,"$21,200.00",Recently issued construction permit. Full project and contact details are withheld.,2026-09-14T13:02:38,https://data.boston.gov/dataset/approved-building-permits,building_permit,2026-10-10,2026-10-10,public_record_preview,2026-10-14,source_applicant_only,False,26,recent,unverified
BOS-A44CC9B1DDD82D11,Construction,Construction permit activity,"Boston, MA",Boston Inspectional Services,"$9,245.14",Recently issued construction permit. Full project and contact details are withheld.,2026-09-13T22:16:17,https://data.boston.gov/dataset/approved-building-permits,building_permit,2026-10-10,2026-10-10,public_record_preview,2026-10-13,source_applicant_only,False,27,recent,unverified
BOS-B0222C82DB6F24D7,Construction,Construction permit activity,"Boston, MA",Boston Inspectional Services,"$9,168.82",Recently issued construction permit. Full project and contact details are withheld.,2026-09-13T22:11:23,https://data.boston.gov/dataset/approved-building-permits,building_permit,2026-10-10,2026-10-10,public_record_preview,2026-10-13,source_applicant_only,False,27,recent,unverified
BOS-E8E71D2CD36F5BF2,Construction,Construction permit activity,"Boston, MA",Boston Inspectional Services,"$1,700.00",Recently issued construction permit. Full project and contact details are withheld.,2026-09-11T17:59:57,https://data.boston.gov/dataset/approved-building-permits,building_permit,2026-10-10,2026-10-10,public_record_preview,2026-10-11,source_applicant_only,False,29,recent,unverified
BOS-330E864EE9F0A449,Construction,Construction permit activity,"Boston, MA",Boston Inspectional Services,"$33,500.00",Recently issued construction permit. Full project and contact details are withheld.,2026-09-11T14:01:36,https://data.boston.gov/dataset/approved-building-permits,building_permit,2026-10-10,2026-10-10,public_record_preview,2026-10-11,source_applicant_only,False,29,recent,unverified
BOS-81EBB625730B1EC3,Construction,Construction permit activity,"Boston, MA",Boston Inspectional Services,$1.00,Recently issued construction permit. Full project and contact details are withheld.,2026-09-11T13:02:03,https://data.boston.gov/dataset/approved-building-permits,building_permit,2026-10-10,2026-10-10,public_record_preview,2026-10-11,source_applicant_only,False,29,recent,unverified
